Signal1,Signal2,Signal3,Label
0.250294641838978,0.5150914752522413,0.39103020070596306,Person1
0.2575251534342877,0.03111502582350123,0.7243905535754419,Person2
0.8445284225888215,0.3263906699308956,0.9018314921856186,Person3
0.188154207857404,0.9240775914368653,0.9289368271013801,Person4
0.5329100824634503,0.3630158543239589,0.07125323430367814,Person5
0.21559890990843444,0.5174774943620712,0.6485352639687427,Person6
0.36517306234854263,0.3680751381029044,0.7272194167595392,Person7
0.16342346581351563,0.22368095067513816,0.24804987141595025,Person8
0.6457426161440147,0.4684197198037484,0.8164609865984374,Person9
0.4517356447414368,0.31260956455905986,0.19096301149208517,Person10
0.46607534882030444,0.3446302243979671,0.8434893825776174,Person11
0.7367841818828295,0.8578015267119808,0.2407511091023069,Person12
0.9489008249886854,0.746247191655474,0.5097500651592645,Person13
0.7504571283869754,0.6150947940570922,0.4992989502648768,Person14
0.4666983689014965,0.18791665109808398,0.15881869677876037,Person15
0.2670052952378208,0.8672965496222301,0.7682550668601179,Person16
0.5282238532973658,0.9857003252542439,0.9938035101826898,Person17
0.6507109673453858,0.6004151162010634,0.6460921389614995,Person18
0.507403259128634,0.871216777644503,0.01622756161042005,Person19
0.3960631860322339,0.08477704205899461,0.07102588872174498,Person20
0.8813616401558519,0.9271088264721055,0.645362396529542,Person21
0.9888304990414675,0.9617478674472423,0.10211226846701893,Person22
0.8360472920674512,0.4403742706057705,0.7625263337963626,Person23
0.1219706161337969,0.40030297958496097,0.3452491904661007,Person24
0.04383043208193682,0.3317900067274627,0.002296455363261951,Person25
0.8583135303680478,0.6710783054897989,0.20960623469750017,Person26
0.060374986955817556,0.6392743810166984,0.05985239899250727,Person27
0.4161270880592015,0.9977827591336257,0.8589938088311593,Person28
0.42905897903824475,0.9094022027798575,0.018011928633023144,Person29
0.6924308920525508,0.5084581410879406,0.10321701601302691,Person30
0.32130354873304745,0.34885232181952386,0.9401485307261126,Person31
0.028490529401730136,0.5265175677069898,0.9104258132697362,Person32
0.12278231855790933,0.025157504105038808,0.2522143586262404,Person33
0.9883792318507858,0.07815631409960022,0.6631025949783801,Person34
0.40401576192530486,0.05255126961355716,0.37828867922111364,Person35
0.015866992493078547,0.47577039106142105,0.7703795099370682,Person36
0.29952097539199274,0.08307134124998461,0.07045219886178555,Person37
0.5204440234718041,0.2943995070905302,0.5299286209661679,Person38
0.257748796665178,0.5617101241418089,0.08006846398537981,Person39
0.5053764702668998,0.8683792571002348,0.41352101164737365,Person40
0.833050464100138,0.27935292575279347,0.5767512284397897,Person41
0.542293233398964,0.20047722275046342,0.8156719776900822,Person42
0.5592771169318421,0.0782567997458451,0.4030919116051149,Person43
0.45307520580545035,0.6143518310494503,0.6380553568962996,Person44
0.772447583743089,0.26208031728840153,0.16584623547895405,Person45
0.1421565415045578,0.05869692566226392,0.5976222143994725,Person46
0.7780421104874624,0.6096280068442095,0.12840203892156277,Person47
0.629145424531219,0.5704713325093012,0.37089550426400353,Person48
0.6866485727449039,0.11662183407102622,0.5193673483385398,Person49
0.12651178465058288,0.348086589335282,0.19324221239421924,Person50
0.5952905517353104,0.24190158780551407,0.4151208841705335,Person51
0.8505598723467036,0.7181417709164215,0.669638684382806,Person52
0.36121420857000097,0.8335689565365008,0.6843373760354969,Person53
0.9782470057284035,0.6665621506275266,0.4759999711683519,Person54
0.4552696964603943,0.724083609488854,0.24597251684426058,Person55
0.6988746516221488,0.21520980941544576,0.3312380893081537,Person56
0.8507917197487637,0.15461627724670413,0.43914470439366016,Person57
0.07174157290066896,0.2056003435546645,0.9682959926631788,Person58
0.40626186804584175,0.9764517985290446,0.8828746281762281,Person59
0.7382161144918821,0.7566109117224837,0.2479375614428061,Person60
0.6434933452914489,0.00850630663061136,0.15233467412020663,Person61
0.646954863081392,0.6283976966369879,0.9736178559761723,Person62
0.15535926076865514,0.7437826804046104,0.5732099719148702,Person63
0.9319241660987235,0.5296049986851922,0.13302339817122177,Person64
0.48257208937319784,0.9171389302247128,0.513464737074296,Person65
0.4392966342690191,0.787776255240083,0.2801511470955652,Person66
0.781305216063247,0.36746568658794787,0.5632705029039687,Person67
0.4336589360102583,0.4378555407997522,0.5792366678713186,Person68
0.17078984738685166,0.18064555295781126,0.8658028141191557,Person69
0.3190341783931161,0.35375462835908544,0.0160264917679952,Person70
0.16085971362551799,0.27567419515370684,0.9633167719639752,Person71
0.44792166371957953,0.059675584526470704,0.7583847999477512,Person72
0.17652205925047504,0.006329842173133038,0.9118801106116254,Person73
0.04756788657642386,0.9950614754666917,0.5490287900594403,Person74
0.4419958611791177,0.8264006452182437,0.05906733811793197,Person75
0.8924112220766389,0.10930356426262944,0.19662485785687323,Person76
0.7819362306863644,0.091569750559781,0.5433388663641563,Person77
0.07423456951509477,0.04912149188082271,0.5645364243633688,Person78
0.02965525494269472,0.8298046831869075,0.7878668815054566,Person79
0.06305185865285234,0.18896842894561738,0.9366848971413367,Person80
0.6090600938788957,0.7038223188889408,0.3420460073507867,Person81
0.6335248306434912,0.04870028700898632,0.376896869932399,Person82
0.5788391454160168,0.6814435275112505,0.0962584220802919,Person83
0.8406760086054006,0.7397098073116809,0.29154995646396775,Person84
0.6608070274516099,0.7625449685493371,0.0911440888927405,Person85
0.8178135069766664,0.2790456214873248,0.12925246240980615,Person86
0.8024954952008468,0.6621416596407272,0.052872108709650756,Person87
0.5085341077577945,0.7213058246586622,0.8376353192914511,Person88
0.4535746734300219,0.899634722451119,0.42841788445090767,Person89
0.39045290198727245,0.9955141428109916,0.39616632982640776,Person90
0.3029730603972711,0.5424797691692075,0.13611503350521204,Person91
0.8837916579987655,0.13311522845773416,0.3113539084877275,Person92
0.561610683568244,0.1277170058010414,0.9892566168232452,Person93
0.04438489970368009,0.9274556918706417,0.230795811085867,Person94
0.5331588331990041,0.2123349418103474,0.581802666175634,Person95
0.43428564385371293,0.24097526226312294,0.32760677110662983,Person96
0.3905166908097588,0.9776214721566038,0.6513927194614331,Person97
0.7154178152153741,0.02664202244164049,0.6106716807558146,Person98
0.6193608602078017,0.726473766285521,0.7857363965150382,Person99
0.6047658064816464,0.20789066948269352,0.3393725137999607,Person100
0.03571112269555221,0.09918728674419741,0.9313838328932671,Person101
0.43291168426522675,0.9847452419291717,0.9145164068204815,Person102
0.8734491100287801,0.6588587238266796,0.900038352497396,Person103
0.006137200347799743,0.9113742543210331,0.34079329605862396,Person104
0.0929509107532015,0.5891177310830377,0.3026487488316496,Person105
0.2764518677265754,0.08154972829812435,0.3663662658081458,Person106
0.6408399282043085,0.7715134697317547,0.28000786257275956,Person107
0.04025819548315157,0.9275292382040927,0.720182098976448,Person108
0.5951805054308902,0.6765867369614904,0.03194794743139984,Person109
0.30542214730808426,0.7327830597860945,0.7917752892230506,Person110
0.12125495905606087,0.406337305602289,0.35723175297472154,Person111
0.34878125921423575,0.6011192184517626,0.30071131389384076,Person112
0.8187482506745749,0.7278641059603481,0.5325590821210939,Person113
0.46019623705689494,0.14636883144606494,0.11476618046872,Person114
0.2246057422944251,0.9474983055030941,0.2956235211254906,Person115
0.6304960961512109,0.10447367881984315,0.5145522968306772,Person116
0.4909238568636569,0.4633919224751367,0.8884868853633684,Person117
0.006718102464672082,0.38908819404801587,0.28484969259694826,Person118
0.6782591076787668,0.5625932673331763,0.8763841937625985,Person119
0.13357807293862578,0.17888183886175102,0.42173951574335655,Person120
0.5528851613251125,0.3814320487068604,0.028431117874182843,Person121
0.891954951378109,0.7739034562782129,0.2621791920110347,Person122
0.5510686144047054,0.19129396611733396,0.5093433173638527,Person123
0.233427541073841,0.8418035849887116,0.6768293400940569,Person124
0.8143487703711685,0.647629801535636,0.004176642519815865,Person125
0.5456392410909067,0.13848136320454563,0.6367072043854063,Person126
0.212918383642128,0.5500524140669892,0.5252192903152704,Person127
0.7861966925362996,0.28686665084908014,0.26308390888649935,Person128
0.8626039114093962,0.6393019213514256,0.557955308416135,Person129
0.2993306826622194,0.7359119532682001,0.5707444205637424,Person130
0.8389183614846278,0.716198901959512,0.5007309940268708,Person131
0.9899454448610979,0.3921863557805053,0.9508626275605816,Person132
0.971770359800324,0.6727670416335273,0.29547216813777155,Person133
0.3053544053316082,0.1144802758840946,0.552065928310506,Person134
0.10658680340935034,0.4468238890946101,0.5978744164077967,Person135
0.02906015515318039,0.01707578574264057,0.5186342409749268,Person136
0.21282493405986114,0.23533093071509337,0.4611669280260635,Person137
0.55423759760757,0.7073066097032197,0.9383877718056395,Person138
0.6149480790591797,0.5029020134032407,0.9998815204931574,Person139
0.616563948879288,0.34645327321559316,0.9356985712065418,Person140
0.7782965804626522,0.4822112942407327,0.05584100221399768,Person141
0.24293032930080904,0.7229208076896279,0.2132810996067771,Person142
0.439124049916476,0.44021155605076756,0.8946080463293081,Person143
0.8253912532681627,0.7618004811628095,0.8048038755462784,Person144
0.6059969543289893,0.7226767743340651,0.998407797211289,Person145
0.9102507993168946,0.3288775743093011,0.8913130379934869,Person146
0.15092250684610486,0.5319766462871197,0.047354456828883285,Person147
0.35720822239063643,0.009900085682916782,0.6869996855774351,Person148
0.7701248590398988,0.7194110542382597,0.42022654393264225,Person149
0.5790537800678147,0.8555269110903433,0.41858100430958556,Person150
0.14551474561523536,0.366254926987284,0.23315094451068807,Person151
0.2971545547270549,0.40065133926124674,0.2638106938578444,Person152
0.5960680950790046,0.6193282822049501,0.5016724843863907,Person153
0.6828025378126603,0.2629610442591188,0.3529674601820624,Person154
0.9251525974740756,0.4983618061659756,0.8888198125103117,Person155
0.18144637889135606,0.7220298484863121,0.9400067843568639,Person156
0.0782826917735977,0.7352003559962202,0.983941623856408,Person157
0.6544384035859645,0.3840193722008993,0.9801730273061822,Person158
0.6338570442728313,0.5030172857886558,0.27369184345513164,Person159
0.410658421809335,0.007883257298084811,0.13856735117310726,Person160
0.6899586577789505,0.0033241107585769702,0.6444784742072508,Person161
0.36493083423032335,0.21955061775627083,0.11677207279643254,Person162
0.6111845856536091,0.36364897552316156,0.1514170557000768,Person163
0.7854165325237917,0.2230261564551247,0.5460945460925977,Person164
0.6901469941508604,0.18711240556697117,0.056664028247838893,Person165
0.4363627114559645,0.84344860291549,0.46846139559136224,Person166
0.6487474356088353,0.3333464072534592,0.7233386174172644,Person167
0.8528344524321363,0.03745795389620632,0.055223840651727474,Person168
0.8264768832391425,0.7111364531939608,0.9748106700832139,Person169
0.49805938728474686,0.7770558095478657,0.9305058935280578,Person170
0.3540586018245646,0.6841750000540892,0.6938151713525109,Person171
0.9119367964723453,0.035551954430426136,0.07086749332942444,Person172
0.6637106387633538,0.10937427361326058,0.008491073005669869,Person173
0.7206944246042106,0.28760668225890984,0.2585399222129522,Person174
0.6728661762442378,0.4232613697134653,0.34258925657913086,Person175
0.5339285362967309,0.6804571444192224,0.3242864513108985,Person176
0.15293420651936618,0.7029958588578574,0.0571757179312824,Person177
0.0506153753327826,0.8149107849486018,0.568450065683031,Person178
0.34132905153180126,0.41033327042128576,0.6197072073152122,Person179
0.5470711488455025,0.8120004415058398,0.19210615219182958,Person180
0.2559612654827813,0.610391906345754,0.9101901746631379,Person181
0.1335638487978733,0.568764683594118,0.19895135258791796,Person182
0.6071289665484578,0.4915529704943352,0.7556349545080439,Person183
0.21508713647481215,0.02208774312011208,0.32156258322497033,Person184
0.4744153875589243,0.2204280825529351,0.9869026465483428,Person185
0.44381117596576314,0.018342349156153737,0.6727358723857767,Person186
0.9369248398255523,0.7577708065686517,0.39615022420021595,Person187
0.7761096907682838,0.29188381170526023,0.8942258338270931,Person188
0.7424304843858005,0.9123128914389794,0.15397803865061432,Person189
0.912920057364076,0.2343780777935588,0.11302486212197049,Person190
0.49796200654978684,0.8210838095873413,0.2230340827048526,Person191
0.8402240980291273,0.5279678786410935,0.22230998123398527,Person192
0.44790108471443735,0.40515034877091394,0.6556523935460882,Person193
0.4368826477035326,0.29986863826726984,0.396802317189894,Person194
0.08335798195557653,0.6037385900920588,0.7297868416705818,Person195
0.666390759613802,0.6650226025899691,0.8680702874797619,Person196
0.3892873391714231,0.8540645300041608,0.5206966315485188,Person197
0.11753591745479364,0.060378629386108607,0.06199693224410041,Person198
0.1063008366950372,0.9927092522165292,0.6650193255699874,Person199
0.7397036102056975,0.7680626122007259,0.831104020624543,Person200
0.8667566441712122,0.19269308365042037,0.4563057838627613,Person201
0.01351220893655336,0.7209632967205883,0.8200449787732961,Person202
0.38616808457558294,0.07578616485549805,0.4098696571867624,Person203
0.28836611061851625,0.1533553970314926,0.5842793888723641,Person204
0.10297134533339414,0.17463668014584555,0.705562483065079,Person205
0.6863294403132527,0.05184959110386367,0.10252906202509016,Person206
0.8183107859770912,0.9411029597721066,0.9715514412667211,Person207
0.2214197476301022,0.27099023422601964,0.043847336627709455,Person208
0.32893012004940236,0.9725679179215473,0.3313589341550427,Person209
0.6587731448306222,0.7487181524855705,0.587576123653287,Person210
0.08186177794311533,0.5781344042907707,0.7990599122168409,Person211
0.4901021763736094,0.08195967525309877,0.8501183088758831,Person212
0.5116601725132641,0.15964584527070058,0.7125028752649928,Person213
0.27290988453960174,0.3206335333167958,0.15940343424808134,Person214
0.018608601788569823,0.8950682169161919,0.6879604241822603,Person215
0.5188521125064388,0.2261540770274224,0.807593832687907,Person216
0.6461918450281933,0.0057980365711172155,0.11595314306428883,Person217
0.16798221757548526,0.9210005057008153,0.517259574327592,Person218
0.8089148996681207,0.6935524626602548,0.9514463137639035,Person219
0.15931472585343487,0.9008431967976894,0.798308701613285,Person220
0.0522758598732308,0.12338691979554373,0.062318573009787936,Person221
0.49213680780048286,0.23233409304702457,0.657076896459007,Person222
0.1436575292333776,0.2794985870264758,0.6750731690505708,Person223
0.12315191407545689,0.38309870616185204,0.4107268436280085,Person224
0.4276073496266316,0.6679158501676733,0.6981871130780208,Person225
0.12434107591077825,0.6476359767966658,0.41740895956137813,Person226
0.5827452520225435,0.3656771778372436,0.050129922787649495,Person227
0.18646138539303947,0.4676485508617726,0.8225271372514525,Person228
0.44464210069371535,0.92205294633709,0.3246805850828657,Person229
0.2244832400139115,0.33920808038104155,0.7683261531716589,Person230
0.560370899979893,0.1252880693640842,0.4439163643052485,Person231
0.7630863773384446,0.9318514959839844,0.3444635838014023,Person232
0.1605713393486249,0.3312695336262137,0.17727403265572428,Person233
0.5594653030975093,0.3652654093366541,0.9510528644447589,Person234
0.5270051157259746,0.4321420390411579,0.6413466016959868,Person235
0.31995455746271195,0.028954305367949296,0.1727927780086802,Person236
0.12259152680679997,0.09774282764954345,0.5659911278503086,Person237
0.7497217930145406,0.8650436588748139,0.11408555209917737,Person238
0.8444758882214684,0.4087716765007917,0.9147948408281593,Person239
0.31663310380306364,0.7878306655935865,0.6014337428012911,Person240
0.4176837917744335,0.9097352512422293,0.185652503652183,Person241
0.8861929308642232,0.22490449745502816,0.9717892810059549,Person242
0.6732585869909173,0.5415928497597261,0.10791182918858955,Person243
0.8520101700917052,0.4520850619678006,0.35564285929257533,Person244
0.33413255043643053,0.9070931965265344,0.846197148038393,Person245
0.5856167673185563,0.39133096871828255,0.7518116621107283,Person246
0.6207215391926468,0.7176679910828354,0.7026866577960669,Person247
0.5931652602662396,0.03331745833161648,0.6115800756407974,Person248
0.4182222614757444,0.7633166730294606,0.6292463385700996,Person249
0.42141481984778073,0.38477507355942386,0.6642463598836381,Person250
0.911228294837962,0.47523007705139453,0.7515224057996476,Person251
0.5221917388931995,0.8391057996551742,0.31131475539381503,Person252
0.7342123106843377,0.9058633214958695,0.026846837471018792,Person253
0.9747514245774181,0.4626283827894817,0.47509208311415474,Person254
0.5514444081788664,0.9249852781287203,0.9365611592796372,Person255
0.8121129919669535,0.49705888510647234,0.21742601513977922,Person256
0.2217440643525811,0.11811045173582835,0.36635572683960327,Person257
0.31752493242455426,0.398774727792619,0.5355639070644799,Person258
0.09880331639042439,0.027551680664299583,0.9734502452972427,Person259
0.2268889480089571,0.3852668796210653,0.8914820251162671,Person260
0.46018190551208604,0.575134143244944,0.1565780835937337,Person261
0.33009292629193077,0.2762962322083091,0.6390994126345398,Person262
0.5024392098938494,0.9514126844866503,0.8653889985889786,Person263
0.8320951696507333,0.4405981226196455,0.5480162412317496,Person264
0.17869125832548505,0.036807960387039707,0.721363460548093,Person265
0.17724490290088846,0.25933142295731737,0.010470819429943434,Person266
0.8445840823729824,0.10956043681508065,0.1515544709452561,Person267
0.05592506346177306,0.21810607240062807,0.32916465470337153,Person268
0.9962970823503816,0.7039212852095558,0.2715293466360096,Person269
0.40325747122591826,0.4990996014960767,0.12770408022744495,Person270
0.13726566861704526,0.7761850147001665,0.3250317629430437,Person271
0.4747710485336688,0.696332303738324,0.8584667274888148,Person272
0.09333530187478178,0.20932709135860883,0.5745043320471664,Person273
0.6007312118628458,0.42588397663216937,0.41823782318234337,Person274
0.8218527193329557,0.9821797698890814,0.5298681720955539,Person275
0.26487288575348045,0.7786886313077384,0.5841409410274746,Person276
0.2232516644428738,0.9331309643408187,0.5584065429566819,Person277
0.050773541707841985,0.0393350586936877,0.019825646305592137,Person278
0.0077537827633293865,0.9310118382136339,0.359514724314117,Person279
0.7315407479791322,0.16214099817428684,0.02437326934117312,Person280
0.0904392219534984,0.039235727305036106,0.48039853377637676,Person281
0.202527282661217,0.9660551310871165,0.9715450306330143,Person282
0.15884586249682053,0.4445997848379676,0.2626045924496966,Person283
0.8544337131773844,0.44576280609830543,0.43676391909614865,Person284
0.9612127724823771,0.3219418748859012,0.5389069100716555,Person285
0.4994860306677339,0.711315739512164,0.9178387984491547,Person286
0.8730484665198744,0.7702566077854966,0.6223333634621212,Person287
0.641421859000424,0.8693201033334872,0.40295414106969485,Person288
0.20094044606230466,0.2069761951635748,0.9017328957897379,Person289
0.022798211788869316,0.7248814476243596,0.9327256349912588,Person290
0.38989855313995747,0.4895940104840454,0.25690607444218605,Person291
0.11838779903247232,0.2062638545393778,0.5665159454296852,Person292
0.7494104497979325,0.5622058867456413,0.4611641318867228,Person293
0.6542177807325712,0.3242743209731326,0.7206422106542517,Person294
0.009161668276747803,0.9299516476564199,0.3142222428236474,Person295
0.8410701481947298,0.07274617962628172,0.49867313391098,Person296
0.8371091370680928,0.45063808828733,0.0047979402204717525,Person297
0.9960474950976096,0.04220037390739961,0.14093377188006728,Person298
0.4772768346612999,0.4830398062958964,0.29586843065506074,Person299
0.007515586603528024,0.44534016638064267,0.3382843929732289,Person300
